Attack,Source_Class,Target_Class,Count
PGD,dugong,ice_bear,4
DeepFool,harvestman,barn_spider,3
FGSM,Arctic_fox,white_wolf,3
FGSM,fox_squirrel,meerkat,3
DeepFool,English_foxhound,Walker_hound,3
PGD,Tibetan_mastiff,Irish_water_spaniel,3
FGSM,golden_retriever,bloodhound,3
DeepFool,curly-coated_retriever,Irish_water_spaniel,2
DeepFool,fox_squirrel,meerkat,2
DeepFool,bolo_tie,isopod,2
DeepFool,dogsled,sandbar,2
DeepFool,goose,redbone,2
DeepFool,green_mamba,vine_snake,2
DeepFool,komondor,white_wolf,2
DeepFool,redbone,goose,2
FGSM,Dandie_Dinmont,miniature_schnauzer,2
DeepFool,vine_snake,green_mamba,2
FGSM,Dandie_Dinmont,toy_poodle,2
FGSM,English_foxhound,Saluki,2
FGSM,English_foxhound,sock,2
DeepFool,white_wolf,komondor,2
DeepFool,isopod,king_crab,2
DeepFool,king_crab,isopod,2
DeepFool,milk_can,malamute,2
DeepFool,meerkat,fox_squirrel,2
DeepFool,isopod,bolo_tie,2
FGSM,Irish_water_spaniel,Newfoundland,2
DeepFool,Irish_water_spaniel,curly-coated_retriever,2
DeepFool,Dandie_Dinmont,otterhound,2
FGSM,Staffordshire_bullterrier,mink,2
FGSM,harvestman,wolf_spider,2
FGSM,isopod,king_crab,2
FGSM,lion,dhole,2
FGSM,goose,ibex,2
FGSM,Walker_hound,English_setter,2
FGSM,boxer,beagle,2
FGSM,boxer,Saint_Bernard,2
FGSM,Tibetan_mastiff,Irish_water_spaniel,2
FGSM,Staffordshire_bullterrier,tabby,2
FGSM,barn_spider,harvestman,2
FGSM,black-and-tan_coonhound,Gordon_setter,2
PGD,komondor,papillon,2
PGD,isopod,king_crab,2
PGD,isopod,fur_coat,2
PGD,harvestman,barn_spider,2
FGSM,white_wolf,Afghan_hound,2
PGD,golden_retriever,bloodhound,2
PGD,fox_squirrel,meerkat,2
PGD,fox_squirrel,hyena,2
PGD,golden_retriever,dalmatian,2
PGD,Walker_hound,English_setter,2
PGD,boxer,Welsh_springer_spaniel,2
PGD,black-and-tan_coonhound,Gordon_setter,2
PGD,Dandie_Dinmont,tarantula,2
PGD,German_short-haired_pointer,Saluki,2
PGD,Irish_water_spaniel,American_black_bear,2
PGD,Gordon_setter,bluetick,2
PGD,Dandie_Dinmont,miniature_schnauzer,2
PGD,English_foxhound,English_setter,2
DeepFool,black-and-tan_coonhound,Gordon_setter,2
DeepFool,Gordon_setter,black-and-tan_coonhound,2
PGD,lion,dhole,2
PGD,lion,lynx,2
PGD,komondor,white_wolf,2
PGD,white_wolf,Old_English_sheepdog,2
FGSM,Dandie_Dinmont,wombat,1
FGSM,English_foxhound,Boston_bull,1
FGSM,Arctic_fox,Samoyed,1
FGSM,Dandie_Dinmont,tarantula,1
FGSM,Gordon_setter,black-and-tan_coonhound,1
FGSM,German_short-haired_pointer,Ibizan_hound,1
FGSM,German_short-haired_pointer,Afghan_hound,1
FGSM,English_foxhound,gazelle,1
DeepFool,schipperke,French_bulldog,1
DeepFool,schipperke,Staffordshire_bullterrier,1
DeepFool,seashore,dogsled,1
FGSM,Tibetan_mastiff,cocker_spaniel,1
FGSM,Walker_hound,Great_Pyrenees,1
FGSM,Walker_hound,dalmatian,1
FGSM,Walker_hound,Boston_bull,1
FGSM,Walker_hound,Cardigan,1
FGSM,curly-coated_retriever,briard,1
FGSM,curly-coated_retriever,porcupine,1
FGSM,bolo_tie,poncho,1
FGSM,bolo_tie,jellyfish,1
FGSM,dalmatian,beagle,1
FGSM,dalmatian,English_setter,1
FGSM,dogsled,dowitcher,1
FGSM,dogsled,fountain,1
FGSM,Tibetan_mastiff,Newfoundland,1
FGSM,Gordon_setter,tabby,1
FGSM,Irish_water_spaniel,howler_monkey,1
FGSM,Irish_water_spaniel,sloth_bear,1
FGSM,golden_retriever,beagle,1
FGSM,fox_squirrel,Madagascar_cat,1
FGSM,dugong,chow,1
FGSM,dugong,ice_bear,1
FGSM,green_mamba,horizontal_bar,1
FGSM,green_mamba,marmoset,1
FGSM,goose,llama,1
FGSM,golden_retriever,dalmatian,1
DeepFool,triceratops,wolf_spider,1
DeepFool,malamute,milk_can,1
DeepFool,sandbar,dogsled,1
DeepFool,sandbar,seashore,1
DeepFool,green_mamba,rotisserie,1
DeepFool,Walker_hound,German_short-haired_pointer,1
DeepFool,malamute,rain_barrel,1
DeepFool,komondor,fox_squirrel,1
DeepFool,seashore,sandbar,1
DeepFool,golden_retriever,Walker_hound,1
DeepFool,golden_retriever,dalmatian,1
DeepFool,golden_retriever,redbone,1
DeepFool,boxer,Saint_Bernard,1
DeepFool,barn_spider,harvestman,1
DeepFool,dalmatian,Walker_hound,1
DeepFool,dalmatian,golden_retriever,1
DeepFool,German_short-haired_pointer,Saluki,1
DeepFool,German_short-haired_pointer,English_foxhound,1
DeepFool,Staffordshire_bullterrier,French_bulldog,1
DeepFool,Staffordshire_bullterrier,schipperke,1
DeepFool,Walker_hound,English_foxhound,1
DeepFool,Walker_hound,dalmatian,1
DeepFool,Walker_hound,golden_retriever,1
DeepFool,English_foxhound,German_short-haired_pointer,1
FGSM,malamute,grey_fox,1
FGSM,lion,wombat,1
FGSM,lion,red_wolf,1
FGSM,ladybug,yellow_lady's_slipper,1
FGSM,komondor,lion,1
FGSM,komondor,white_wolf,1
FGSM,komondor,cougar,1
FGSM,komondor,chow,1
FGSM,komondor,Arctic_fox,1
FGSM,komondor,beagle,1
FGSM,komondor,Shetland_sheepdog,1
FGSM,komondor,English_setter,1
FGSM,king_crab,isopod,1
FGSM,king_crab,wolf_spider,1
FGSM,king_crab,cockroach,1
FGSM,isopod,jellyfish,1
FGSM,goose,warthog,1
FGSM,isopod,hyena,1
FGSM,isopod,fur_coat,1
FGSM,house_finch,barn_spider,1
FGSM,harvestman,barn_spider,1
FGSM,harvestman,titi,1
FGSM,green_mamba,skunk,1
FGSM,green_mamba,triceratops,1
FGSM,seashore,dogsled,1
FGSM,schipperke,refrigerator,1
FGSM,schipperke,dishwasher,1
FGSM,redbone,crane,1
FGSM,malamute,red_wolf,1
FGSM,malamute,sorrel,1
FGSM,malamute,tiger,1
FGSM,meerkat,Madagascar_cat,1
PGD,English_foxhound,West_Highland_white_terrier,1
PGD,English_foxhound,English_springer,1
PGD,Dandie_Dinmont,armadillo,1
PGD,Dandie_Dinmont,otterhound,1
PGD,Arctic_fox,white_wolf,1
FGSM,white_wolf,wire-haired_fox_terrier,1
PGD,Arctic_fox,Scotch_terrier,1
PGD,English_foxhound,sock,1
PGD,Irish_water_spaniel,briard,1
PGD,Irish_water_spaniel,Newfoundland,1
PGD,Staffordshire_bullterrier,bathtub,1
PGD,Staffordshire_bullterrier,groenendael,1
PGD,Staffordshire_bullterrier,refrigerator,1
PGD,Staffordshire_bullterrier,paper_towel,1
PGD,Gordon_setter,Rottweiler,1
PGD,English_foxhound,hog,1
PGD,Tibetan_mastiff,flat-coated_retriever,1
PGD,Tibetan_mastiff,cocker_spaniel,1
PGD,Walker_hound,beagle,1
FGSM,sandbar,red-backed_sandpiper,1
FGSM,vine_snake,spindle,1
FGSM,seashore,fountain,1
FGSM,vine_snake,marmoset,1
FGSM,triceratops,tarantula,1
PGD,Arctic_fox,West_Highland_white_terrier,1
FGSM,robin,brambling,1
FGSM,robin,partridge,1
FGSM,sandbar,dowitcher,1
FGSM,meerkat,hare,1
FGSM,milk_can,Lhasa,1
FGSM,milk_can,skunk,1
FGSM,redbone,bustard,1
PGD,dogsled,dowitcher,1
PGD,dalmatian,beagle,1
PGD,dalmatian,English_setter,1
PGD,curly-coated_retriever,sloth_bear,1
PGD,curly-coated_retriever,affenpinscher,1
PGD,boxer,Saint_Bernard,1
PGD,boxer,Chihuahua,1
PGD,boxer,Brittany_spaniel,1
PGD,Walker_hound,Saint_Bernard,1
PGD,bolo_tie,jellyfish,1
PGD,bolo_tie,brassiere,1
PGD,Walker_hound,dalmatian,1
PGD,Walker_hound,English_springer,1
PGD,golden_retriever,Tibetan_mastiff,1
PGD,goose,Irish_terrier,1
PGD,golden_retriever,miniature_pinscher,1
PGD,green_mamba,knot,1
PGD,green_mamba,head_cabbage,1
PGD,green_mamba,conch,1
PGD,harvestman,cucumber,1
PGD,harvestman,tick,1
PGD,house_finch,barn_spider,1
PGD,isopod,barn_spider,1
PGD,green_mamba,marmoset,1
PGD,isopod,jellyfish,1
PGD,king_crab,barn_spider,1
PGD,king_crab,isopod,1
PGD,goose,hare,1
PGD,goose,llama,1
PGD,dugong,golden_retriever,1
PGD,dogsled,fountain,1
PGD,dugong,Sussex_spaniel,1
PGD,komondor,golden_retriever,1
PGD,komondor,English_setter,1
PGD,komondor,Blenheim_spaniel,1
PGD,komondor,Afghan_hound,1
PGD,king_crab,tick,1
PGD,lion,Chihuahua,1
PGD,malamute,Lhasa,1
PGD,ladybug,titi,1
PGD,malamute,red_wolf,1
PGD,malamute,silky_terrier,1
PGD,meerkat,Madagascar_cat,1
PGD,meerkat,fox_squirrel,1
PGD,milk_can,Lhasa,1
PGD,milk_can,grey_fox,1
PGD,redbone,goose,1
PGD,malamute,grey_fox,1
PGD,redbone,hare,1
PGD,robin,brambling,1
PGD,sandbar,American_coot,1
PGD,robin,coucal,1
PGD,schipperke,Egyptian_cat,1
PGD,schipperke,black-footed_ferret,1
PGD,seashore,coyote,1
PGD,sandbar,dowitcher,1
PGD,seashore,dogsled,1
PGD,toucan,guinea_pig,1
PGD,triceratops,cocker_spaniel,1
PGD,toucan,house_finch,1
PGD,triceratops,tarantula,1
PGD,vine_snake,marmoset,1
PGD,vine_snake,spindle,1
PGD,white_wolf,wire-haired_fox_terrier,1
